date,mvrv
2021-02-08,3.65741696
2021-02-09,3.61855022
2021-02-10,3.46683384
2021-02-11,3.64585169
2021-02-12,3.57975153
2021-02-13,3.54773666
2021-02-14,3.65475277
2021-02-15,3.56148121
2021-02-16,3.6125173
2021-02-17,3.79432537
2021-02-18,3.70969063
2021-02-19,3.90986635
2021-02-20,3.87796973
2021-02-21,3.95810037
2021-02-22,3.68695731
2021-02-23,3.28933195
2021-02-24,3.32994398
2021-02-25,3.17682646
2021-02-26,3.06572143
2021-02-27,3.04478896
2021-02-28,3.00886446
2021-03-01,3.269931
2021-03-02,3.17061495
2021-03-03,3.3135168
2021-03-04,3.161905493951
2021-03-05,3.17106851
2021-03-06,3.175929809802
2021-03-07,3.30549961
2021-03-08,3.35002291
2021-03-09,3.49855563203
2021-03-10,3.56293331
2021-03-11,3.63177042
2021-03-12,3.570586382096
2021-03-13,3.78957634
2021-03-14,3.68484058
2021-03-15,3.43735753
2021-03-16,3.44231318
2021-03-17,3.55383882
2021-03-18,3.48651656
2021-03-19,3.50341884
2021-03-20,3.49731896
2021-03-21,3.440164039174
2021-03-22,3.25092326
2021-03-23,3.23614304
2021-03-24,3.11041886
2021-03-25,3.03612207
2021-03-26,3.20883079
2021-03-27,3.26897077
2021-03-28,3.24472988
2021-03-29,3.33795673
2021-03-30,3.38330063
2021-03-31,3.375535019449
2021-04-01,3.35598363
2021-04-02,3.35413045
2021-04-03,3.25187507
2021-04-04,3.298301283114
2021-04-05,3.32023402
2021-04-06,3.22914317
2021-04-07,3.12214094
2021-04-08,3.2057806
2021-04-09,3.203576140634
2021-04-10,3.27565104
2021-04-11,3.28353702
2021-04-12,3.26759859
2021-04-13,3.43453079
2021-04-14,3.37622405
2021-04-15,3.37419883
2021-04-16,3.27664917
2021-04-17,3.19962738
2021-04-18,2.959841879616
2021-04-19,2.92575459
2021-04-20,2.95532944
2021-04-21,2.82653587
2021-04-22,2.70960708
2021-04-23,2.65915763
2021-04-24,2.61911452
2021-04-25,2.54988868
2021-04-26,2.79947785
2021-04-27,2.84255929
2021-04-28,2.82520447
2021-04-29,2.75289848
2021-04-30,2.9509244
2021-05-01,2.95232813
2021-05-02,2.88247785
2021-05-03,2.90918692
2021-05-04,2.72676307
2021-05-05,2.90068009
2021-05-06,2.845644398322
2021-05-07,2.86911512
2021-05-08,2.93389162
2021-05-09,2.90472472
2021-05-10,2.78208874
2021-05-11,2.81280636
2021-05-12,2.528710162627
2021-05-13,2.4489477
2021-05-14,2.47934018
2021-05-15,2.33381396
2021-05-16,2.2838578
2021-05-17,2.16428882
2021-05-18,2.13179763
2021-05-19,1.88892076
2021-05-20,2.05205637
2021-05-21,1.87448768
2021-05-22,1.90162942
2021-05-23,1.75890282
2021-05-24,1.94867935
2021-05-25,1.93329011
2021-05-26,1.97886373
2021-05-27,1.94636165
2021-05-28,1.80279078
2021-05-29,1.75819515
2021-05-30,1.80573948
2021-05-31,1.88939041
2021-06-01,1.85490761
2021-06-02,1.905098964141
2021-06-03,1.9791401
2021-06-04,1.866853639007
2021-06-05,1.79378368
2021-06-06,1.81038933
2021-06-07,1.71255578
2021-06-08,1.7042113
2021-06-09,1.89766024
2021-06-10,1.87120729
2021-06-11,1.88860664
2021-06-12,1.81254069
2021-06-13,1.976225
2021-06-14,2.04984505
2021-06-15,2.03798688
2021-06-16,1.937890111061
2021-06-17,1.927486814795
2021-06-18,1.812458657444
2021-06-19,1.805038478086
2021-06-20,1.807459745287
2021-06-21,1.615498500377
2021-06-22,1.651499802307
2021-06-23,1.713698226674
2021-06-24,1.766672167447
2021-06-25,1.630917169218
2021-06-26,1.643033945428
2021-06-27,1.776255857109
2021-06-28,1.769776037417
2021-06-29,1.849675862855
2021-06-30,1.805586334557
2021-07-01,1.727368166727
2021-07-02,1.746141242195
2021-07-03,1.787452030946
2021-07-04,1.8265447061
2021-07-05,1.752492211228
2021-07-06,1.763785729615
2021-07-07,1.753796589122
2021-07-08,1.697989573018
2021-07-09,1.754049012631
2021-07-10,1.738516988105
2021-07-11,1.771750243299
2021-07-12,1.713116506244
2021-07-13,1.688811469688
2021-07-14,1.697934967437
2021-07-15,1.643649164372
2021-07-16,1.63221452573
2021-07-17,1.630400402935
2021-07-18,1.639258220118
2021-07-19,1.597725750094
2021-07-20,1.540648215719
2021-07-21,1.661721371109
2021-07-22,1.670492594499
2021-07-23,1.732406654257
2021-07-24,1.769606297066
2021-07-25,1.81848487747
2021-07-26,1.93010945385
2021-07-27,2.001791162085
2021-07-28,2.033833059073
2021-07-29,2.017407304464
2021-07-30,2.099162197424
2021-07-31,2.098153113059
2021-08-01,2.006838470091
2021-08-02,1.972933571383
2021-08-03,1.922865034712
2021-08-04,1.995697932518
2021-08-05,2.052274774394
2021-08-06,2.140827816615
2021-08-07,2.222890074166
2021-08-08,2.195821362505
2021-08-09,2.303684409546
2021-08-10,2.261488524708
2021-08-11,2.268172978331
2021-08-12,2.20343699514
2021-08-13,2.362590119037
2021-08-14,2.327809478249
2021-08-15,2.323985756424
2021-08-16,2.268193061802
2021-08-17,2.204708913004
2021-08-18,2.213680687968
2021-08-19,2.293129661764
2021-08-20,2.414499299985
2021-08-21,2.403261370099
2021-08-22,2.414996575605
2021-08-23,2.420040085444
2021-08-24,2.33794635096
2021-08-25,2.379019545564
2021-08-26,2.287786761638
2021-08-27,2.375147501066
2021-08-28,2.363961726236
2021-08-29,2.367277866365
2021-08-30,2.277961082403
2021-08-31,2.280110865221
2021-09-01,2.346384601556
2021-09-02,2.375035051723
2021-09-03,2.395390356338
2021-09-04,2.395772281636
2021-09-05,2.480946695916
2021-09-06,2.51931377876
2021-09-07,2.245742480847
2021-09-08,2.213572688033
2021-09-09,2.222094260363
2021-09-10,2.142454311237
2021-09-11,2.157808262825
2021-09-12,2.208217016174
2021-09-13,2.151863481078
2021-09-14,2.245175277381
2021-09-15,2.293761212961
2021-09-16,2.273981867172
2021-09-17,2.244949537952
2021-09-18,2.290426705637
2021-09-19,2.242941684172
2021-09-20,2.040586287582
2021-09-21,1.933233183973
2021-09-22,2.075944471859
2021-09-23,2.135308888042
2021-09-24,2.038939778388
2021-09-25,2.035666539997
2021-09-26,2.040529522117
2021-09-27,2.010425564687
2021-09-28,1.951689041262
2021-09-29,1.962665363543
2021-09-30,2.069864321133
2021-10-01,2.26565626698
2021-10-02,2.248711046277
2021-10-03,2.266397740964
2021-10-04,2.31284262096
2021-10-05,2.411845063946
2021-10-06,2.572944325306
2021-10-07,2.490026710036
2021-10-08,2.492000787508
2021-10-09,2.538238578635
2021-10-10,2.520123658863
2021-10-11,2.631558646637
2021-10-12,2.574418652958
2021-10-13,2.620098281333
2021-10-14,2.613922367304
2021-10-15,2.783786506255
2021-10-16,2.755061819188
2021-10-17,2.775039217832
2021-10-18,2.778276503838
2021-10-19,2.86843851115
2021-10-20,2.928317326688
2021-10-21,2.756592260011
2021-10-22,2.683021944048
2021-10-23,2.702488997272
2021-10-24,2.679080716831
2021-10-25,2.761945352578
2021-10-26,2.643400963823
2021-10-27,2.563731148388
2021-10-28,2.64447556709
2021-10-29,2.709231626512
2021-10-30,2.6854484387
2021-10-31,2.660031269082
2021-11-01,2.639313472843
2021-11-02,2.705646798155
2021-11-03,2.692667749587
2021-11-04,2.624435938698
2021-11-05,2.601770640962
2021-11-06,2.617491647791
2021-11-07,2.682304638596
2021-11-08,2.854649564891
2021-11-09,2.82534877502
2021-11-10,2.721054645529
2021-11-11,2.723236415073
2021-11-12,2.650242500833
2021-11-13,2.661045965713
2021-11-14,2.684880108371
2021-11-15,2.626068388319
2021-11-16,2.481173720882
2021-11-17,2.470657927214
2021-11-18,2.337640428663
2021-11-19,2.386216999692
2021-11-20,2.455017801074
2021-11-21,2.424879879847
2021-11-22,2.319018826324
2021-11-23,2.368765838495
2021-11-24,2.346842971087
2021-11-25,2.404923210419
2021-11-26,2.198435955413
2021-11-27,2.23272965194
2021-11-28,2.336711996385
2021-11-29,2.35943908323
2021-11-30,2.324578694477
2021-12-01,2.324286205718
2021-12-02,2.300196624281
2021-12-03,2.184991514137
2021-12-04,2.009166960477
2021-12-05,2.016818310956
2021-12-06,2.067537537544
2021-12-07,2.064377234197
2021-12-08,2.06171865801
2021-12-09,1.960546627964
2021-12-10,1.941373722658
2021-12-11,2.016910635367
2021-12-12,2.049751176277
2021-12-13,1.915299897932
2021-12-14,1.974877505476
2021-12-15,1.995926977652
2021-12-16,1.94871973203
2021-12-17,1.896526938461
2021-12-18,1.919525855516
2021-12-19,1.918249189772
2021-12-20,1.922187343668
2021-12-21,2.007205377658
2021-12-22,1.990870317874
2021-12-23,2.070150565572
2021-12-24,2.071634649338
2021-12-25,2.064057745187
2021-12-26,2.071542317446
2021-12-27,2.070718360007
2021-12-28,1.945824586517
2021-12-29,1.898459995686
2021-12-30,1.923609297095
2021-12-31,1.893385603418
2022-01-01,1.941966039424
2022-01-02,1.933497096507
2022-01-03,1.897502355497
2022-01-04,1.876886228678
2022-01-05,1.782277170897
2022-01-06,1.768057798633
2022-01-07,1.704571291459
2022-01-08,1.71699299406
2022-01-09,1.72082066082
2022-01-10,1.718638590786
2022-01-11,1.758039861455
2022-01-12,1.805597050184
2022-01-13,1.752041588022
2022-01-14,1.771675205411
2022-01-15,1.775752274618
2022-01-16,1.774015355513
2022-01-17,1.73630676024
2022-01-18,1.745911520714
2022-01-19,1.721981468557
2022-01-20,1.681574639726
2022-01-21,1.514790775018
2022-01-22,1.455165902925
2022-01-23,1.508378975549
2022-01-24,1.526343091945
2022-01-25,1.538880544803
2022-01-26,1.534660000135
2022-01-27,1.543763850705
2022-01-28,1.576577931046
2022-01-29,1.592485103381
2022-01-30,1.589486377439
2022-01-31,1.609690053329
2022-02-01,1.61452774476
2022-02-02,1.539179072383
2022-02-03,1.544771260316
2022-02-04,1.709053357873
2022-02-05,1.726159971835
2022-02-06,1.760874145144
2022-02-07,1.821609827046
2022-02-08,1.831529736531
2022-02-09,1.840095004198
2022-02-10,1.806667830508
2022-02-11,1.754236923972
2022-02-12,1.745950590083
2022-02-13,1.746704565079
2022-02-14,1.765131690456
2022-02-15,1.839746953131
2022-02-16,1.820760197081
2022-02-17,1.680750155719
2022-02-18,1.658393382535
2022-02-19,1.660632849962
2022-02-20,1.597672365828
2022-02-21,1.53935959409
2022-02-22,1.585255941769
2022-02-23,1.548559725335
2022-02-24,1.589005849792
2022-02-25,1.632120546767
2022-02-26,1.621580052318
2022-02-27,1.564733720961
2022-02-28,1.785886675274
2022-03-01,1.831088158538
2022-03-02,1.815856076135
2022-03-03,1.753487692697
2022-03-04,1.617160596022
2022-03-05,1.62862859109
2022-03-06,1.588284555745
2022-03-07,1.578754463552
2022-03-08,1.603838311539
2022-03-09,1.735654059064
2022-03-10,1.630630592506
2022-03-11,1.605299073538
2022-03-12,1.610487025913
2022-03-13,1.563583025151
2022-03-14,1.638923579978
2022-03-15,1.62739184969
2022-03-16,1.697348146346
2022-03-17,1.69308040701
2022-03-18,1.727490580808
2022-03-19,1.742021306446
2022-03-20,1.705071792374
2022-03-21,1.695351371558
2022-03-22,1.748109505852
2022-03-23,1.761428760821
2022-03-24,1.810651634482
2022-03-25,1.816863848057
2022-03-26,1.823441620909
2022-03-27,1.912928867709
2022-03-28,1.926069685862
2022-03-29,1.931857269809
2022-03-30,1.916462997871
2022-03-31,1.854211355144
2022-04-01,1.880179566094
2022-04-02,1.867666383452
2022-04-03,1.886983002157
2022-04-04,1.894586551764
2022-04-05,1.855218925189
2022-04-06,1.760916830916
2022-04-07,1.771822948566
2022-04-08,1.718699748527
2022-04-09,1.737109234767
2022-04-10,1.720498052487
2022-04-11,1.612532718343
2022-04-12,1.633029961572
2022-04-13,1.6754481725
2022-04-14,1.624100214604
2022-04-15,1.648615453539
2022-04-16,1.645198704281
2022-04-17,1.615563193564
2022-04-18,1.660587322655
2022-04-19,1.68715900189
2022-04-20,1.683056618589
2022-04-21,1.642192379664
2022-04-22,1.614479409264
2022-04-23,1.608260125691
2022-04-24,1.60550883035
2022-04-25,1.644601591866
2022-04-26,1.549627067302
2022-04-27,1.596095580203
2022-04-28,1.617507844772
2022-04-29,1.572635096383
2022-04-30,1.537292898922
2022-05-01,1.567381909459
2022-05-02,1.573983130319
2022-05-03,1.540983434257
2022-05-04,1.618770611892
2022-05-05,1.493350506698
2022-05-06,1.476077962977
2022-05-07,1.454866736249
2022-05-08,1.397053307677
2022-05-09,1.25746370058
2022-05-10,1.282199871846
2022-05-11,1.198898869373
2022-05-12,1.211574517788
2022-05-13,1.224580870454
2022-05-14,1.254528110725
2022-05-15,1.301371234936
2022-05-16,1.248816594441
2022-05-17,1.272635339124
2022-05-18,1.204897921252
2022-05-19,1.268265640482
2022-05-20,1.226785298597
2022-05-21,1.235285942059
2022-05-22,1.273331088604
2022-05-23,1.22293867204
2022-05-24,1.246431579256
2022-05-25,1.244237310755
2022-05-26,1.235100855496
2022-05-27,1.20688817198
2022-05-28,1.225163407756
2022-05-29,1.241234457517
2022-05-30,1.337557348648
2022-05-31,1.340327318645
2022-06-01,1.258203816602
2022-06-02,1.289506254729
2022-06-03,1.255277674265
2022-06-04,1.261962571345
2022-06-05,1.26746929363
2022-06-06,1.32794694055
2022-06-07,1.322740859864
2022-06-08,1.283418736198
2022-06-09,1.278193263932
2022-06-10,1.237117043464
2022-06-11,1.208249128114
2022-06-12,1.144614146671
2022-06-13,0.962386955567
2022-06-14,0.958749419408
2022-06-15,0.982571637347
2022-06-16,0.89010384052
2022-06-17,0.900449527228
2022-06-18,0.839761069586
2022-06-19,0.905122908176
2022-06-20,0.909413901996
2022-06-21,0.916201262025
2022-06-22,0.887627935977
2022-06-23,0.936392381423
2022-06-24,0.946260674502
2022-06-25,0.953541799671
2022-06-26,0.93595363596
2022-06-27,0.92317584654
2022-06-28,0.902427057507
2022-06-29,0.895265183982
2022-06-30,0.865015984997
2022-07-01,0.866810006703
2022-07-02,0.862322030966
2022-07-03,0.864908319377
2022-07-04,0.907445950743
2022-07-05,0.906388103368
2022-07-06,0.924592307191
2022-07-07,0.973646516264
2022-07-08,0.981374953634
2022-07-09,0.97256585657
2022-07-10,0.938937826789
2022-07-11,0.903257154365
2022-07-12,0.875464077465
2022-07-13,0.91248166822
2022-07-14,0.931267482062
2022-07-15,0.947404727073
2022-07-16,0.963942951894
2022-07-17,0.947388315858
2022-07-18,1.014380417157
2022-07-19,1.064015965884
2022-07-20,1.059545792317
2022-07-21,1.055572042956
2022-07-22,1.037202359622
2022-07-23,1.027767986307
2022-07-24,1.035693112787
2022-07-25,0.984744106523
2022-07-26,0.970493939661
2022-07-27,1.048530886503
2022-07-28,1.090974652069
2022-07-29,1.096121570662
2022-07-30,1.08119685014
2022-07-31,1.06930792552
2022-08-01,1.068081818605
2022-08-02,1.054827227962
2022-08-03,1.044976588452
2022-08-04,1.037537603272
2022-08-05,1.065899475533
2022-08-06,1.054367720796
2022-08-07,1.061585802404
2022-08-08,1.091208903728
2022-08-09,1.064322658536
2022-08-10,1.097349862382
2022-08-11,1.098103095757
2022-08-12,1.118913448413
2022-08-13,1.120303000575
2022-08-14,1.1152866103
2022-08-15,1.105125221321
2022-08-16,1.095336349684
2022-08-17,1.071575714816
2022-08-18,1.066480347068
2022-08-19,0.962223516455
2022-08-20,0.97348633387
2022-08-21,0.99226378976
2022-08-22,0.981225385052
2022-08-23,0.992293505064
2022-08-24,0.987637310218
2022-08-25,0.995543286361
2022-08-26,0.934524032452
2022-08-27,0.925756657439
2022-08-28,0.908751979889
2022-08-29,0.936300029003
2022-08-30,0.91691540216
2022-08-31,0.926540201628
2022-09-01,0.930819103606
2022-09-02,0.924346524698
2022-09-03,0.917781321543
2022-09-04,0.924996509034
2022-09-05,0.917682178845
2022-09-06,0.874858544608
2022-09-07,0.895970446823
2022-09-08,0.897686434169
2022-09-09,0.991990113442
2022-09-10,1.008276774233
2022-09-11,1.00926214108
2022-09-12,1.038445934441
2022-09-13,0.939370352409
2022-09-14,0.944134275318
2022-09-15,0.919794265144
2022-09-16,0.922172305414
2022-09-17,0.939999035144
2022-09-18,0.907953496893
2022-09-19,0.914684111914
2022-09-20,0.88338246827
2022-09-21,0.86699153682
2022-09-22,0.909510592046
2022-09-23,0.90563544045
2022-09-24,0.886975013788
2022-09-25,0.881057004179
2022-09-26,0.900322536822
2022-09-27,0.896561719809
2022-09-28,0.913487552122
2022-09-29,0.917870607279
2022-09-30,0.91356153704
2022-10-01,0.907912672634
2022-10-02,0.894190083633
2022-10-03,0.923308111571
2022-10-04,0.956568501176
2022-10-05,0.948163366006
2022-10-06,0.938866609583
2022-10-07,0.919983246052
2022-10-08,0.914595870208
2022-10-09,0.915262738221
2022-10-10,0.902773565181
2022-10-11,0.897697758664
2022-10-12,0.904197086018
2022-10-13,0.915299590894
2022-10-14,0.905697877908
2022-10-15,0.900728724487
2022-10-16,0.909910910294
2022-10-17,0.924678135264
2022-10-18,0.91398573907
2022-10-19,0.904610705933
2022-10-20,0.900242542303
2022-10-21,0.907143363442
2022-10-22,0.909318069409
2022-10-23,0.926261633178
2022-10-24,0.915784798173
2022-10-25,0.951195313284
2022-10-26,0.983939477562
2022-10-27,0.959624512348
2022-10-28,0.975004031923
2022-10-29,0.98443454901
2022-10-30,0.975832100659
2022-10-31,0.97009674747
2022-11-01,0.970049689813
2022-11-02,0.954490976446
2022-11-03,0.956986021054
2022-11-04,1.000981821699
2022-11-05,1.007111287598
2022-11-06,0.991409279364
2022-11-07,0.976088727485
2022-11-08,0.880744871078
2022-11-09,0.753958696179
2022-11-10,0.839903712816
2022-11-11,0.811340136624
2022-11-12,0.806378353685
2022-11-13,0.785273663056
2022-11-14,0.801361740695
2022-11-15,0.81368542899
2022-11-16,0.806089820633
2022-11-17,0.81024033294
2022-11-18,0.818509642211
2022-11-19,0.820610369081
2022-11-20,0.799184425512
2022-11-21,0.777592696604
2022-11-22,0.79805211183
2022-11-23,0.817451445016
2022-11-24,0.81837142484
2022-11-25,0.816011276502
2022-11-26,0.812740435671
2022-11-27,0.812332752733
2022-11-28,0.802349876662
2022-11-29,0.814147810046
2022-11-30,0.850801464317
2022-12-01,0.840529289057
2022-12-02,0.84670015577
2022-12-03,0.838232388894
2022-12-04,0.84968361727
2022-12-05,0.84468600446
2022-12-06,0.850384196971
2022-12-07,0.839503933452
2022-12-08,0.858945882155
2022-12-09,0.854978591377
2022-12-10,0.854415449082
2022-12-11,0.853211507586
2022-12-12,0.858539391858
2022-12-13,0.887729303381
2022-12-14,0.890254354657
2022-12-15,0.86728278142
2022-12-16,0.830992951979
2022-12-17,0.839657772493
2022-12-18,0.839875774864
2022-12-19,0.823536056851
2022-12-20,0.847633081501
2022-12-21,0.843195618816
2022-12-22,0.844194325117
2022-12-23,0.842886604017
2022-12-24,0.84590101132
2022-12-25,0.845706555551
2022-12-26,0.848591013908
2022-12-27,0.8399359586
2022-12-28,0.83299277844
2022-12-29,0.838526883526
2022-12-30,0.836965256607
2022-12-31,0.835246001939
2023-01-01,0.839542831106
2023-01-02,0.843780085391
2023-01-03,0.843211245785
2023-01-04,0.852695347503
2023-01-05,0.851818124476
2023-01-06,0.858998530318
2023-01-07,0.858446501208
2023-01-08,0.864443193289
2023-01-09,0.870777665108
2023-01-10,0.883951640903
2023-01-11,0.904886150128
2023-01-12,0.956915395927
2023-01-13,1.006737285894
2023-01-14,1.063923229924
2023-01-15,1.056945343653
2023-01-16,1.071886746547
2023-01-17,1.071274656024
2023-01-18,1.047738862359
2023-01-19,1.066296173366
2023-01-20,1.145445917644
2023-01-21,1.152147571819
2023-01-22,1.147415859687
2023-01-23,1.157946337765
2023-01-24,1.14168583391
2023-01-25,1.166238508234
2023-01-26,1.161820741319
2023-01-27,1.165635900125
2023-01-28,1.162375118008
2023-01-29,1.200618353218
2023-01-30,1.15137768201
2023-01-31,1.167609671158
2023-02-01,1.196241930423
2023-02-02,1.184795889398
2023-02-03,1.181415746292
2023-02-04,1.176437733184
2023-02-05,1.156408398602
2023-02-06,1.145679319019
2023-02-07,1.171652534251
2023-02-08,1.154986688723
2023-02-09,1.099040577212
2023-02-10,1.089446116412
2023-02-11,1.101770368949
2023-02-12,1.097210551986
2023-02-13,1.09866674955
2023-02-14,1.119923157609
2023-02-15,1.22364317031
2023-02-16,1.195012046683
2023-02-17,1.237767811543
2023-02-18,1.239058645614
2023-02-19,1.225347760367
2023-02-20,1.246658143379
2023-02-21,1.226544841574
2023-02-22,1.214898364016
2023-02-23,1.20196788302
2023-02-24,1.165447448567
2023-02-25,1.164771417267
2023-02-26,1.183865293006
2023-02-27,1.181751158136
2023-02-28,1.165088210397
2023-03-01,1.188892073095
2023-03-02,1.181929202448
2023-03-03,1.126016843463
2023-03-04,1.125231451633
2023-03-05,1.130220819242
2023-03-06,1.130223291427
2023-03-07,1.122035533533
2023-03-08,1.098460296734
2023-03-09,1.031092147146
2023-03-10,1.026171253096
2023-03-11,1.043781214381
2023-03-12,1.118453254664
2023-03-13,1.222477139001
2023-03-14,1.252017069531
2023-03-15,1.233259096934
2023-03-16,1.264318230866
2023-03-17,1.381709504388
2023-03-18,1.357927080335
2023-03-19,1.41718434858
2023-03-20,1.398348824456
2023-03-21,1.413889214116
2023-03-22,1.371700451034
2023-03-23,1.421886913625
2023-03-24,1.375231386162
2023-03-25,1.376280144651
2023-03-26,1.403671575252
2023-03-27,1.357098415255
2023-03-28,1.363066939643
2023-03-29,1.417071461284
2023-03-30,1.420441511641
2023-03-31,1.443820674085
2023-04-01,1.442211549223
2023-04-02,1.425206305097
2023-04-03,1.409099995135
2023-04-04,1.4219430768
2023-04-05,1.424960408187
2023-04-06,1.41726242259
2023-04-07,1.411891341659
2023-04-08,1.413111240664
2023-04-09,1.432780320048
2023-04-10,1.498410626119
2023-04-11,1.524007596955
2023-04-12,1.506773205338
2023-04-13,1.528589539867
2023-04-14,1.531450017782
2023-04-15,1.525286478334
2023-04-16,1.523487449103
2023-04-17,1.481199761253
2023-04-18,1.524898878521
2023-04-19,1.445557031038
2023-04-20,1.418296444501
2023-04-21,1.370138666353
2023-04-22,1.396814023725
2023-04-23,1.385375480736
2023-04-24,1.381178300296
2023-04-25,1.420027669157
2023-04-26,1.423548393886
2023-04-27,1.477024680925
2023-04-28,1.470212541775
2023-04-29,1.463534273428
2023-04-30,1.470402257877
2023-05-01,1.408272273073
2023-05-02,1.436592482997
2023-05-03,1.45181633614
2023-05-04,1.442232154866
2023-05-05,1.476466635695
2023-05-06,1.443843173393
2023-05-07,1.429877064919
2023-05-08,1.378067479397
2023-05-09,1.374090435543
2023-05-10,1.374436923429
2023-05-11,1.341912915639
2023-05-12,1.331264514159
2023-05-13,1.334669775407
2023-05-14,1.338338944895
2023-05-15,1.352469393563
2023-05-16,1.341803499909
2023-05-17,1.360182926857
2023-05-18,1.332798511609
2023-05-19,1.335285312277
2023-05-20,1.345668504663
2023-05-21,1.329584607553
2023-05-22,1.331796174941
2023-05-23,1.349756710174
2023-05-24,1.306148991112
2023-05-25,1.312302574122
2023-05-26,1.323951129649
2023-05-27,1.330559181986
2023-05-28,1.391560954233
2023-05-29,1.374801000798
2023-05-30,1.371662586882
2023-05-31,1.347122513076
2023-06-01,1.32755818548
2023-06-02,1.348499664123
2023-06-03,1.339845350422
2023-06-04,1.343716524322
2023-06-05,1.276417765634
2023-06-06,1.3462357416
2023-06-07,1.303228127244
2023-06-08,1.312170481703
2023-06-09,1.309627647538
2023-06-10,1.279906228962
2023-06-11,1.282204028842
2023-06-12,1.282415132209
2023-06-13,1.281288526881
2023-06-14,1.242758133707
2023-06-15,1.265794710232
2023-06-16,1.303742036635
2023-06-17,1.312806147734
2023-06-18,1.304485514887
2023-06-19,1.326002267293
2023-06-20,1.401058308786
2023-06-21,1.487688159529
2023-06-22,1.479224774259
2023-06-23,1.511461032551
2023-06-24,1.506266238891
2023-06-25,1.501725462895
2023-06-26,1.490477217783
2023-06-27,1.508993136561
2023-06-28,1.480047953676
2023-06-29,1.4974352167
2023-06-30,1.497404119431
2023-07-01,1.500071404388
2023-07-02,1.500295120753
2023-07-03,1.525922363387
2023-07-04,1.509148391226
2023-07-05,1.494037535141
2023-07-06,1.470491737414
2023-07-07,1.487208780434
2023-07-08,1.483788128844
2023-07-09,1.478660537861
2023-07-10,1.489525354536
2023-07-11,1.499536522954
2023-07-12,1.487755265888
2023-07-13,1.538500113181
2023-07-14,1.483457241083
2023-07-15,1.482403144167
2023-07-16,1.480253300626
2023-07-17,1.475399676867
2023-07-18,1.45985580542
2023-07-19,1.463037215762
2023-07-20,1.457534391178
2023-07-21,1.463442609814
2023-07-22,1.453936935337
2023-07-23,1.470319604139
2023-07-24,1.427138509577
2023-07-25,1.42923855151
2023-07-26,1.436080716187
2023-07-27,1.429632064392
2023-07-28,1.440164978549
2023-07-29,1.442211649973
2023-07-30,1.437384415792
2023-07-31,1.435482408871
2023-08-01,1.449024030947
2023-08-02,1.432048628755
2023-08-03,1.434367776395
2023-08-04,1.427652983063
2023-08-05,1.427408392655
2023-08-06,1.427044043698
2023-08-07,1.432710437146
2023-08-08,1.46267267691
2023-08-09,1.452750656477
2023-08-10,1.445222004734
2023-08-11,1.443460117805
2023-08-12,1.444002195989
2023-08-13,1.437480909277
2023-08-14,1.443311936754
2023-08-15,1.43140313407
2023-08-16,1.411251226179
2023-08-17,1.309597789983
2023-08-18,1.279955274829
2023-08-19,1.282875825078
2023-08-20,1.287026193244
2023-08-21,1.285209423972
2023-08-22,1.278234400958
2023-08-23,1.301640510691
2023-08-24,1.286264498958
2023-08-25,1.282530939849
2023-08-26,1.280910484603
2023-08-27,1.284719699038
2023-08-28,1.285785965076
2023-08-29,1.3631929159
2023-08-30,1.344866297954
2023-08-31,1.279294333561
2023-09-01,1.272142442172
2023-09-02,1.275429178013
2023-09-03,1.280178738226
2023-09-04,1.272295663234
2023-09-05,1.271797475869
2023-09-06,1.270666304167
2023-09-07,1.293153415402
2023-09-08,1.278230950625
2023-09-09,1.277871761676
2023-09-10,1.274805713565
2023-09-11,1.240998802155
2023-09-12,1.276849786407
2023-09-13,1.294929881704
2023-09-14,1.31072461763
2023-09-15,1.316247721823
2023-09-16,1.31045230781
2023-09-17,1.30778359727
2023-09-18,1.320321096515
2023-09-19,1.341491282124
2023-09-20,1.337531751739
2023-09-21,1.310046276386
2023-09-22,1.310529519075
2023-09-23,1.310250960634
2023-09-24,1.296058458113
2023-09-25,1.296187807462
2023-09-26,1.291644411828
2023-09-27,1.298711354638
2023-09-28,1.332826815107
2023-09-29,1.326653306014
2023-09-30,1.329742814001
2023-10-01,1.377331393995
2023-10-02,1.35843524556
2023-10-03,1.351957092666
2023-10-04,1.369035570095
2023-10-05,1.350981968888
2023-10-06,1.37581058469
2023-10-07,1.376921632645
2023-10-08,1.375035048808
2023-10-09,1.357643501831
2023-10-10,1.349224905545
2023-10-11,1.320267435058
2023-10-12,1.316151935393
2023-10-13,1.321220609655
2023-10-14,1.321559699731
2023-10-15,1.334644980263
2023-10-16,1.401484702482
2023-10-17,1.397569787083
2023-10-18,1.392147247637
2023-10-19,1.410163206398
2023-10-20,1.458847579295
2023-10-21,1.469157536053
2023-10-22,1.471860430263
2023-10-23,1.613500605985
2023-10-24,1.654397557736
2023-10-25,1.681601781377
2023-10-26,1.663662918099
2023-10-27,1.648793504518
2023-10-28,1.65738945553
2023-10-29,1.679987904494
2023-10-30,1.674700476949
2023-10-31,1.679986208289
2023-11-01,1.715331297044
2023-11-02,1.687432786238
2023-11-03,1.677473281454
2023-11-04,1.695198047921
2023-11-05,1.69531363252
2023-11-06,1.690062847822
2023-11-07,1.707693280842
2023-11-08,1.724477503
2023-11-09,1.762200964364
2023-11-10,1.792853668717
2023-11-11,1.773581111946
2023-11-12,1.776498366314
2023-11-13,1.751221714879
2023-11-14,1.705402061503
2023-11-15,1.810152914492
2023-11-16,1.729237075753
2023-11-17,1.747806543208
2023-11-18,1.74769689693
2023-11-19,1.78814575059
2023-11-20,1.789732455017
2023-11-21,1.717720966087
2023-11-22,1.780655097435
2023-11-23,1.775570834214
2023-11-24,1.793664605571
2023-11-25,1.796938311512
2023-11-26,1.781247130023
2023-11-27,1.768699884325
2023-11-28,1.795694998493
2023-11-29,1.794443185541
2023-11-30,1.787790724759
2023-12-01,1.831958430263
2023-12-02,1.866562636124
2023-12-03,1.88957149278
2023-12-04,1.974157660867
2023-12-05,2.070210110876
2023-12-06,2.049004981703
2023-12-07,2.024192806038
2023-12-08,2.063554127808
2023-12-09,2.040603828859
2023-12-10,2.039126541822
2023-12-11,1.920421604102
2023-12-12,1.928403638971
2023-12-13,1.994507456072
2023-12-14,1.997076014934
2023-12-15,1.945584187067
2023-12-16,1.954587603816
2023-12-17,1.918432937883
2023-12-18,1.970997560336
2023-12-19,1.952266717846
2023-12-20,2.010355157868
2023-12-21,2.02055347695
2023-12-22,2.024349186253
2023-12-23,2.012046953684
2023-12-24,1.978993772604
2023-12-25,2.002168071468
2023-12-26,1.947666354666
2023-12-27,1.98454282113
2023-12-28,1.948191066046
2023-12-29,1.915289168243
2023-12-30,1.923525954915
2023-12-31,1.923147103068
2024-01-01,2.005011405976
2024-01-02,2.041843744783
2024-01-03,1.941607815328
2024-01-04,1.991280476371
2024-01-05,1.983754393826
2024-01-06,1.972626827535
2024-01-07,1.968589392178
2024-01-08,2.105199604079
2024-01-09,2.061111820714
2024-01-10,2.090437479903
2024-01-11,2.06755309096
2024-01-12,1.910157143573
2024-01-13,1.911017344621
2024-01-14,1.868072683047
2024-01-15,1.895817002527
2024-01-16,1.915131498731
2024-01-17,1.892920670298
2024-01-18,1.826405496575
2024-01-19,1.840326498572
2024-01-20,1.842828285649
2024-01-21,1.836787376079
2024-01-22,1.750703117876
2024-01-23,1.75685238167
2024-01-24,1.769398537471
2024-01-25,1.759912897525
2024-01-26,1.843658004535
2024-01-27,1.854538165179
2024-01-28,1.847823938144
2024-01-29,1.900281404617
2024-01-30,1.884454643724
2024-01-31,1.865776569305
2024-02-01,1.883692689819
2024-02-02,1.888479126867
2024-02-03,1.880647419447
2024-02-04,1.862423695961
2024-02-05,1.863325630825
2024-02-06,1.881777313878
2024-02-07,1.929905898886
2024-02-08,1.974244701407
2024-02-09,2.050894304805
2024-02-10,2.075743628106
2024-02-11,2.091679256465
2024-02-12,2.163451148703
2024-02-13,2.144571750971
2024-02-14,2.227481564237
2024-02-15,2.227672856945
2024-02-16,2.233361065632
2024-02-17,2.211108586549
2024-02-18,2.229209056718
2024-02-19,2.207720044105
2024-02-20,2.226411177484
2024-02-21,2.199223255693
2024-02-22,2.176256754311
2024-02-23,2.151044247173
2024-02-24,2.182874558495
2024-02-25,2.188723304731
2024-02-26,2.30035580813
2024-02-27,2.39296751458
2024-02-28,2.578804516452
2024-02-29,2.523625575021
2024-03-01,2.552193764104
2024-03-02,2.530515094253
2024-03-03,2.564912446775
2024-03-04,2.751198902437
2024-03-05,2.565781926711
2024-03-06,2.612226371577
2024-03-07,2.630694305772
2024-03-08,2.663773784415
2024-03-09,2.664446669894
2024-03-10,2.673324643842
2024-03-11,2.776042557045
2024-03-12,2.732831670246
2024-03-13,2.746836537171
2024-03-14,2.676637138189
2024-03-15,2.593181988006
2024-03-16,2.443363523614
2024-03-17,2.541969044316
2024-03-18,2.51875351754
2024-03-19,2.30649799611
2024-03-20,2.517432122856
2024-03-21,2.425056482588
2024-03-22,2.347242779085
2024-03-23,2.355130916016
2024-03-24,2.459089042138
2024-03-25,2.531973278125
2024-03-26,2.529858023857
2024-03-27,2.497305617703
2024-03-28,2.542320039061
2024-03-29,2.50681430136
2024-03-30,2.495980095994
2024-03-31,2.54947270434
2024-04-01,2.483865174687
2024-04-02,2.325824861038
2024-04-03,2.343574739079
2024-04-04,2.422340254314
2024-04-05,2.401839662162
2024-04-06,2.442327543695
2024-04-07,2.449775072637
2024-04-08,2.52594267686
2024-04-09,2.431151797828
2024-04-10,2.480887886464
2024-04-11,2.459930871341
2024-04-12,2.355699837214
2024-04-13,2.266724603585
2024-04-14,2.303797513539
2024-04-15,2.224653591762
2024-04-16,2.235583060627
2024-04-17,2.150115532828
2024-04-18,2.223657090198
2024-04-19,2.229521797353
2024-04-20,2.268874228093
2024-04-21,2.270178573833
2024-04-22,2.336371416788
2024-04-23,2.315430605828
2024-04-24,2.229186378145
2024-04-25,2.239412644798
2024-04-26,2.213395882136
2024-04-27,2.200293292653
2024-04-28,2.182739504636
2024-04-29,2.213049963714
2024-04-30,2.099491659604
2024-05-01,2.01516295818
2024-05-02,2.050901531028
2024-05-03,2.180678249434
2024-05-04,2.210725676775
2024-05-05,2.216655067084
2024-05-06,2.186202853853
2024-05-07,2.157205469069
2024-05-08,2.110540935051
2024-05-09,2.175223560734
2024-05-10,2.102988744981
2024-05-11,2.100448702876
2024-05-12,2.119745795365
2024-05-13,2.168233271084
2024-05-14,2.121406641577
2024-05-15,2.275705533512
2024-05-16,2.238813737175
2024-05-17,2.293532882786
2024-05-18,2.293351817746
2024-05-19,2.267741433359
2024-05-20,2.430732575262
2024-05-21,2.392177115696
2024-05-22,2.350508549105
2024-05-23,2.30342600975
2024-05-24,2.329942400919
2024-05-25,2.351755247843
2024-05-26,2.321857258415
2024-05-27,2.349289009693
2024-05-28,2.276025405912
2024-05-29,2.249666771523
2024-05-30,2.274593932765
2024-05-31,2.240434640049
2024-06-01,2.250811711614
2024-06-02,2.252890611825
2024-06-03,2.282844084426
2024-06-04,2.336035028633
2024-06-05,2.350051564625
2024-06-06,2.333807126267
2024-06-07,2.283767499815
2024-06-08,2.281753656488
2024-06-09,2.291783692164
2024-06-10,2.284430208974
2024-06-11,2.210797104332
2024-06-12,2.236528862009
2024-06-13,2.189193919128
2024-06-14,2.162288948988
2024-06-15,2.168574282271
2024-06-16,2.181700780897
2024-06-17,2.17600767278
2024-06-18,2.131170120016
2024-06-19,2.122527340691
2024-06-20,2.122824344632
2024-06-21,2.094841851078
2024-06-22,2.094393635978
2024-06-23,2.064629768046
2024-06-24,1.965852605759
2024-06-25,2.013824808421
2024-06-26,1.983142815892
2024-06-27,2.00449611147
2024-06-28,1.963323618484
2024-06-29,1.982090071071
2024-06-30,2.04224535277
2024-07-01,2.04314593286
2024-07-02,2.017079157971
2024-07-03,1.956495892684
2024-07-04,1.867131113244
2024-07-05,1.84216706331
2024-07-06,1.891715119434
2024-07-07,1.82212870475
2024-07-08,1.84231499501
2024-07-09,1.882826099963
2024-07-10,1.873671456415
2024-07-11,1.860391707754
2024-07-12,1.877696697499
2024-07-13,1.924461076714
2024-07-14,1.978252221421
2024-07-15,2.094337235781
2024-07-16,2.10249498714
2024-07-17,2.0722141993
2024-07-18,2.063284607936
2024-07-19,2.146794861585
2024-07-20,2.159544550027
2024-07-21,2.186185421436
2024-07-22,2.167482354881
2024-07-23,2.109594621683
2024-07-24,2.091076478928
2024-07-25,2.101052278672
2024-07-26,2.167988897972
2024-07-27,2.17149524018
2024-07-28,2.173689504641
2024-07-29,2.130351323441
2024-07-30,2.10753663783
2024-07-31,2.060104597961
2024-08-01,2.073446664875
2024-08-02,1.958129492294
2024-08-03,1.931910948089
2024-08-04,1.85658107668
2024-08-05,1.734614783702
2024-08-06,1.790105908673
2024-08-07,1.76102665944
2024-08-08,1.974027468759
2024-08-09,1.934847151042
2024-08-10,1.937094140148
2024-08-11,1.872742222889
2024-08-12,1.890144044639
2024-08-13,1.926417221684
2024-08-14,1.87350048326
2024-08-15,1.835793831991
2024-08-16,1.876508258409
2024-08-17,1.891903199321
2024-08-18,1.871999609436
2024-08-19,1.891279440638
2024-08-20,1.882426600371
2024-08-21,1.945233846186
2024-08-22,1.921170694846
2024-08-23,2.035903975825
2024-08-24,2.032046751517
2024-08-25,2.046583028581
2024-08-26,1.998001382993
2024-08-27,1.891971799295
2024-08-28,1.875827072948
2024-08-29,1.883349152914
2024-08-30,1.876982694923
2024-08-31,1.87073697854
2024-09-01,1.820019010688
2024-09-02,1.877143284457
2024-09-03,1.829729699885
2024-09-04,1.841861370616
2024-09-05,1.781930708989
2024-09-06,1.710811543806
2024-09-07,1.718206634267
2024-09-08,1.743469313486
2024-09-09,1.814072811646
2024-09-10,1.830850569033
2024-09-11,1.822802476165
2024-09-12,1.844923692611
2024-09-13,1.918166417135
2024-09-14,1.901061522523
2024-09-15,1.873189573393
2024-09-16,1.844209085413
2024-09-17,1.906555569386
2024-09-18,1.938486988135
2024-09-19,1.989407371018
2024-09-20,1.991251479392
2024-09-21,1.997224680189
2024-09-22,2.00309504051
2024-09-23,1.993210662996
2024-09-24,2.02322807255
2024-09-25,1.980828516174
2024-09-26,2.040909822528
2024-09-27,2.061133588941
2024-09-28,2.059734897491
2024-09-29,2.054377793402
2024-09-30,1.980655974681
2024-10-01,1.906306811115
2024-10-02,1.901135632078
2024-10-03,1.903667765594
2024-10-04,1.942653036999
2024-10-05,1.941600018448
2024-10-06,1.964736190677
2024-10-07,1.952455630153
2024-10-08,1.926780183281
2024-10-09,1.880158282942
2024-10-10,1.868650690361
2024-10-11,1.931911669891
2024-10-12,1.953970337674
2024-10-13,1.939547429605
2024-10-14,2.039522213226
2024-10-15,2.060181206339
2024-10-16,2.079852586869
2024-10-17,2.067823405287
2024-10-18,2.097751626956
2024-10-19,2.095293659588
2024-10-20,2.110307256847
2024-10-21,2.056928495458
2024-10-22,2.0548573040083666
2024-10-23,2.030149964645596
2024-10-24,2.0735534317639304
2024-10-25,2.015882390039284
2024-10-26,2.038385405545456
2024-10-27,2.0672450714484367
2024-10-28,2.12079659111609
2024-10-29,2.1993875776152856
2024-10-30,2.1895048875101897
2024-10-31,2.1253164193551783
2024-11-01,2.096717117505966
2024-11-02,2.088469515716
2024-11-03,2.072996077959187
2024-11-04,2.0421715913323313
2024-11-05,2.0934035678438234
2024-11-06,2.265383861200003
2024-11-07,2.268079148113374
2024-11-08,2.2784564278185018
2024-11-09,2.2854908075229896
2024-11-10,2.3862991652271037
2024-11-11,2.614736204421691
2024-11-12,2.574402718870185
2024-11-13,2.6237625094988872
2024-11-14,2.516917131040333
2024-11-15,2.6166281818489865
2024-11-16,2.5963251574245816
2024-11-17,2.570045957525609
2024-11-18,2.586767436063493
2024-11-19,2.616096692148944
2024-11-20,2.6545840511759584
2024-11-21,2.7357035205093947
2024-11-22,2.7268624607806946
2024-11-23,2.682475835762373
2024-11-24,2.684190145202477
2024-11-25,2.550936868826199
2024-11-26,2.504171774475637
2024-11-27,2.606953545179931
2024-11-28,2.5937387638687115
2024-11-29,2.630994842256662
2024-11-30,2.6035102735918114
2024-12-01,2.627590012401485
2024-12-02,2.572610271286454
2024-12-03,2.5714581344527003
2024-12-04,2.6375374682187815
2024-12-05,2.5624396365200885
2024-12-06,2.6197013566280365
2024-12-07,2.6172416537051104
2024-12-08,2.635830347444721
2024-12-09,2.528321562198401
2024-12-10,2.504255955643038
2024-12-11,2.607825988676539
2024-12-12,2.5725090268010704
2024-12-13,2.5964143923269845
2024-12-14,2.5956011229498386
2024-12-15,2.671579602981782
2024-12-16,2.690487024205537
2024-12-17,2.6825053486643022
2024-12-18,2.5337669288940026
2024-12-19,2.449250681750823
2024-12-20,2.438923701718572
2024-12-21,2.424795342221161
2024-12-22,2.36832468298583
2024-12-23,2.3466031181287983
2024-12-24,2.4325472895826454
2024-12-25,2.4457574461003446
2024-12-26,2.3548963638187823
2024-12-27,2.316536046291274
2024-12-28,2.3373921900161463
2024-12-29,2.2939806186069815
2024-12-30,2.264447243535571
2024-12-31,2.2808124449322915
2025-01-01,2.3030404933089104
2025-01-02,2.3578841474857937
2025-01-03,2.3862905574570155
2025-01-04,2.3875160097101222
2025-01-05,2.390965860098841
2025-01-06,2.477062799747396
2025-01-07,2.3467027834219376
2025-01-08,2.298665904666954
2025-01-09,2.233820238836667
2025-01-10,2.290082536703305
2025-01-11,2.285501707170164
2025-01-12,2.278657758123868
2025-01-13,2.2779845089607447
2025-01-14,2.3280580564665416
2025-01-15,2.4095410827754344
2025-01-16,2.3989108291075403
2025-01-17,2.495913169030756
2025-01-18,2.4946785705686336
2025-01-19,2.4106728700866626
2025-01-20,2.4450561327537335
2025-01-21,2.518858900509325
2025-01-22,2.459018475131256
2025-01-23,2.455447281433525
2025-01-24,2.4651832101972833
2025-01-25,2.4670204525538764
2025-01-26,2.418361700134125
2025-01-27,2.393412498448327
2025-01-28,2.3732871181658965
2025-01-29,2.436318963363576
2025-01-30,2.4577562130040627
2025-01-31,2.3926271926371028
2025-02-01,2.353296238999732
2025-02-02,2.278588298536274
2025-02-03,2.3717271049935724
2025-02-04,2.280750094282139
2025-02-05,2.2465355832791136
2025-02-06,2.243314171452448
2025-02-07,2.2387599646519227
2025-02-08,2.2429885869544703
2025-02-09,2.232532160927027
2025-02-10,2.2560105134383015
2025-02-11,2.2178405166069126
2025-02-12,2.2614665289821283
2025-02-13,2.2326518009087044
2025-02-14,2.2516623241667397
2025-02-15,2.254483790385446
2025-02-16,2.2219614753167987
2025-02-17,2.212551004856131
2025-02-18,2.2037234329299973
2025-02-19,2.23047321584031
2025-02-20,2.269163375900631
2025-02-21,2.2145337837142764
2025-02-22,2.2259723481715947
2025-02-23,2.213616967746432
2025-02-24,2.116419481382366
2025-02-25,2.0450571925613175
2025-02-26,1.9371568882829038
2025-02-27,1.9512523008535438
2025-02-28,1.9428821960052791
2025-03-01,1.979772195615528
2025-03-02,2.17233527887869
2025-03-03,1.9890487557357124
2025-03-04,2.011926611190173
2025-03-05,2.085499742580572
2025-03-06,2.074588033844596
2025-03-07,1.990605455895191
2025-03-08,1.9817025600012972
2025-03-09,1.8553174468191107
2025-03-10,1.8183074680565463
2025-03-11,1.9029557814450992
2025-03-12,1.9218834269936982
2025-03-13,1.864334615532672
2025-03-14,1.9320354593333133
2025-03-15,1.9374873260847636
2025-03-16,1.894746119450727
2025-03-17,1.9296028955456381
2025-03-18,1.8989060236861497
2025-03-19,1.9911932421344407
2025-03-20,1.929826803780835
2025-03-21,1.928165154014055
2025-03-22,1.9223588315764386
2025-03-23,1.966380986053732
2025-03-24,2.0008793939408274
2025-03-25,2.0026741040033817
2025-03-26,1.9885114032158295
2025-03-27,1.996709094176898
2025-03-28,1.9282823462091283
2025-03-29,1.8872433668233977
2025-03-30,1.881216185430681
2025-03-31,1.8870880493017759
2025-04-01,1.9500766862141923
2025-04-02,1.8882773504046593
2025-04-03,1.8941542618128036
2025-04-04,1.9126673444102584
2025-04-05,1.9016833447333794
2025-04-06,1.7801240635878879
2025-04-07,1.8128169226747144
2025-04-08,1.7439655745926916
2025-04-09,1.8872309635239621
2025-04-10,1.8147281216378452
2025-04-11,1.9005276237422863
2025-04-12,1.9432833469455524
2025-04-13,1.9039218772421993
2025-04-14,1.9262023235820704
2025-04-15,1.9071370551656621
2025-04-16,1.9172708051026972
2025-04-17,1.9396573992306128
2025-04-18,1.927799316975245
2025-04-19,1.9434572717156722
2025-04-20,1.9426378432392224
2025-04-21,1.9927995689339313
2025-04-22,2.1282639230663345
2025-04-23,2.1261098636422497
2025-04-24,2.126194044694234
2025-04-25,2.139689228562994
2025-04-26,2.1368454882429617
2025-04-27,2.116303078347162
2025-04-28,2.1414599497479094
2025-04-29,2.1164915940420426
2025-04-30,2.117664419217392
2025-05-01,2.1635056908519745
2025-05-02,2.1700257371132774
2025-05-03,2.148827641148182
2025-05-04,2.1136160468529854
2025-05-05,2.1198315170018898
2025-05-06,2.1566030190508587
2025-05-07,2.1641775871229822
2025-05-08,2.2908345636251912
2025-05-09,2.2831068959043845
2025-05-10,2.3179930154044754
2025-05-11,2.30314847924649
2025-05-12,2.276547512358493
2025-05-13,2.2970209363653464
2025-05-14,2.2817352097814925
2025-05-15,2.2793299047250057
2025-05-16,2.272925986368772
2025-05-17,2.263971398372875
2025-05-18,2.3240704676353836
2025-05-19,2.309462953385517
2025-05-20,2.3328187609635207
2025-05-21,2.387132485847717
2025-05-22,2.4191148692725477
2025-05-23,2.325244185229265
2025-05-24,2.3375230632787902
2025-05-25,2.3575883785824456
2025-05-26,2.3615409622706873
2025-05-27,2.3483230152239987
2025-05-28,2.319565765914059
2025-05-29,2.269515917375292
2025-05-30,2.2301710388100866
2025-05-31,2.2453195179282552
2025-06-01,2.2668244854256177
2025-06-02,2.263174032245519
2025-06-03,2.249049850630191
2025-06-04,2.2306295386760513
2025-06-05,2.1644219757163037
2025-06-06,2.221377259248508
2025-06-07,2.246857184421021
2025-06-08,2.2465926766265145
2025-06-09,2.3383291419548384
2025-06-10,2.3319943207037923
2025-06-11,2.2994649025476215
2025-06-12,2.2419620475504867
2025-06-13,2.2394272436628913
2025-06-14,2.227143824699812
2025-06-15,2.227219971359887
2025-06-16,2.258771912231857
2025-06-17,2.2032072026463054
2025-06-18,2.20581725377894
2025-06-19,2.202308074044105
2025-06-20,2.1712340906871987
2025-06-21,2.1341088047568837
2025-06-22,2.1199152283858615
2025-06-23,2.2134869832042128
2025-06-24,2.220349702793955
2025-06-25,2.2450664068043222
2025-06-26,2.2341438252792543
2025-06-27,2.2307257878946083
2025-06-28,2.2355962704995864
2025-06-29,2.255148786868359
2025-06-30,2.224449219216365
2025-07-01,2.190371437932748
2025-07-02,2.2572933277993874
2025-07-03,2.2682210955541695
2025-07-04,2.215345083660493
2025-07-05,2.2180745576921685
2025-07-06,2.236333996776805
2025-07-07,2.2137003448829926
2025-07-08,2.2241472452865456
2025-07-09,2.268230580456622
2025-07-10,2.3546017983970526
2025-07-11,2.38212290459618
2025-07-12,2.37341147249211
2025-07-13,2.4017092198498973
2025-07-14,2.4125084332311304
2025-07-15,2.3641951149221963
2025-07-16,2.368875124533446
2025-07-17,2.3749858049492363
2025-07-18,2.340384009446915
2025-07-19,2.336414214135971
2025-07-20,2.323370138320551
2025-07-21,2.3218439654227243
2025-07-22,2.3670956161477066
2025-07-23,2.334400354595592
2025-07-24,2.3257901969225427
2025-07-25,2.304027155259395
2025-07-26,2.3118305041157874
2025-07-27,2.3388539623352456
2025-07-28,2.3084821087206895
2025-07-29,2.3014237166265827
2025-07-30,2.2955727612124828
2025-07-31,2.2576734658479003
2025-08-01,2.2070884136924738
2025-08-02,2.1923149563631275
2025-08-03,2.2240971442941064
2025-08-04,2.240631105189466
2025-08-05,2.2178999959543493
2025-08-06,2.2349723954934775
2025-08-07,2.2781308995532936
2025-08-08,2.2621480824612368
2025-08-09,2.2569920501462186
2025-08-10,2.307419605120224
2025-08-11,2.296376996154095
2025-08-12,2.320647620011929
2025-08-13,2.379739102823155
2025-08-14,2.2824160062100023
2025-08-15,2.25769289975179
2025-08-16,2.2532741501991906
2025-08-17,2.2553050008051305
2025-08-18,2.229656237704237
2025-08-19,2.162405961142789
2025-08-20,2.187593393945847
2025-08-21,2.1500922222394157
2025-08-22,2.2309603181709265
2025-08-23,2.2012721767196215
2025-08-24,2.167328504514984
2025-08-25,2.101608862718138
2025-08-26,2.1348985660008872
2025-08-27,2.1218251202374474
2025-08-28,2.1427891220239426
2025-08-29,2.0585239707912053
2025-08-30,2.063022252855391
2025-08-31,2.054653984489101
2025-09-01,2.0664722780336136
2025-09-02,2.1061331661206095
2025-09-03,2.117352868701102
2025-09-04,2.0988399671512004
2025-09-05,2.0909910896315393
2025-09-06,2.081547548704114
2025-09-07,2.1007955085878978
2025-09-08,2.114485395928852
2025-09-09,2.1019000165432096
2025-09-10,2.145924375428194
2025-09-11,2.1718284060122492
2025-09-12,2.1834524058125826
2025-09-13,2.178678922337634
2025-09-14,2.1673601179200923
2025-09-15,2.1656665085615017
2025-09-16,2.1888797241350617
2025-09-17,2.1818070259413114
2025-09-18,2.1884252567803575
2025-09-19,2.1584515968726663
2025-09-20,2.1600824520314994
2025-09-21,2.1511992423053936
2025-09-22,2.1030843290113816
2025-09-23,2.0884207525288683
2025-09-24,2.1098438050041244
2025-09-25,2.0312424703115273
2025-09-26,2.0392977420667635
2025-09-27,2.0384097258593887
2025-09-28,2.0843982136269275
2025-09-29,2.122720877587773
2025-09-30,2.112807213335253
2025-10-01,2.186155026712077
2025-10-02,2.221772196583208
2025-10-03,2.249202943238196
2025-10-04,2.247639041410611
2025-10-05,2.266766621760195
2025-10-06,2.287145426879909
2025-10-07,2.2193474280974277
2025-10-08,2.248606081441407
2025-10-09,2.2125534313089377
2025-10-10,2.070562788244427
2025-10-11,2.019478996261419
2025-10-12,2.0951257451651712
2025-10-13,2.09746317757528
2025-10-14,2.056829337301677
2025-10-15,2.0058910258061653
2025-10-16,1.9578568178170297
2025-10-17,1.9292830315776204
2025-10-18,1.9381495183779993
2025-10-19,1.965929731213064
2025-10-20,2.0002412420408935
2025-10-21,1.9642552693241937
2025-10-22,1.9422693938130509
2025-10-23,1.9838505829202955
2025-10-24,2.0002399703642184
2025-10-25,2.010123020095332
2025-10-26,2.061141989497095
2025-10-27,2.0506486983041583
2025-10-28,2.0269852854220023
2025-10-29,1.9748570714184714
2025-10-30,1.9325248327320044
2025-10-31,1.9596274069163773
2025-11-01,1.9663440701835697
2025-11-02,1.9727764696344197
2025-11-03,1.9020882532144816
2025-11-04,1.8116855886218344
2025-11-05,1.8570557344204919
2025-11-06,1.8097201631689654
2025-11-07,1.8428465053331913
2025-11-08,1.8227583856026046
2025-11-09,1.8641651761462625
2025-11-10,1.8875443600732529
2025-11-11,1.831888197421843
2025-11-12,1.808509903130079
2025-11-13,1.7800126434105845
2025-11-14,1.6842606972655323
2025-11-15,1.7025099652616347
2025-11-16,1.6785525812642026
2025-11-17,1.6392867114437717
2025-11-18,1.654516965238705
2025-11-19,1.628739580213074
2025-11-20,1.5515619978194948
2025-11-21,1.5202473672522108
2025-11-22,1.5063202250156786
2025-11-23,1.5408129016405958
2025-11-24,1.5674035927405894
2025-11-25,1.550709768072391
2025-11-26,1.6019179596137354
2025-11-27,1.6180110246025807
2025-11-28,1.6124043653578792
2025-11-29,1.609812435967487
2025-11-30,1.605936798624271
2025-12-01,1.533958697259218
2025-12-02,1.6233866164835693
2025-12-03,1.6594397707736588
2025-12-04,1.6346860768202705
2025-12-05,1.5845510954223285
2025-12-06,1.5825974776524672
2025-12-07,1.5985004613781386
2025-12-08,1.6096177386431436
2025-12-09,1.6469894512126808
2025-12-10,1.6325770870501284
2025-12-11,1.6416453987249757
2025-12-12,1.6020026597826393
2025-12-13,1.6004071227927794
2025-12-14,1.5625992937931457
2025-12-15,1.5334507834438562
2025-12-16,1.5583000660090016
2025-12-17,1.529104503632707
2025-12-18,1.5183951212093738
2025-12-19,1.5669393446155329
2025-12-20,1.5699331395911071
2025-12-21,1.5740329131051052
2025-12-22,1.5730377244463174
2025-12-23,1.5534926720508597
2025-12-24,1.5586263806194098
2025-12-25,1.551577942876589
2025-12-26,1.5547999122682274
2025-12-27,1.5611304886162418
2025-12-28,1.5623713813655937
2025-12-29,1.55184373281198
2025-12-30,1.575194732866138
2025-12-31,1.5599368640000815
2026-01-01,1.5805666838787138
2026-01-02,1.6028335346054856
2026-01-03,1.6144428345714434
2026-01-04,1.6278233718322608
2026-01-05,1.672965606192001
2026-01-06,1.6656981847227375
2026-01-07,1.6234736025512655
2026-01-08,1.6216948371778772
2026-01-09,1.6124074298017157
2026-01-10,1.6100132123879032
2026-01-11,1.61585640170226
2026-01-12,1.6235117369511674
2026-01-13,1.6956457102183626
2026-01-14,1.725258285011508
2026-01-15,1.698251329285832
2026-01-16,1.6967501163466354
2026-01-17,1.6895599397740113
2026-01-18,1.6743922801666509
2026-01-19,1.6436868798008477
2026-01-20,1.5689223614895769
2026-01-21,1.5933664347912717
2026-01-22,1.5900557424434003
2026-01-23,1.597227656500748
2026-01-24,1.5927055312322624
2026-01-25,1.5441681672754624
2026-01-26,1.5779781705662028
2026-01-27,1.594258404220792
2026-01-28,1.5929682871962683
2026-01-29,1.5108463744510505
2026-01-30,1.5027941233677342
2026-01-31,1.409206961565977
2026-02-01,1.3779375282101736
2026-02-02,1.411272421681785
2026-02-03,1.3597906397012434
2026-02-04,1.315930750700471
2026-02-05,1.1497951473288677
2026-02-06,1.2794885803917828
2026-02-07,1.2542864998384384
2026-02-08,1.278752679408799
2026-02-09,1.274890122985872
2026-02-10,1.2481033012418763
2026-02-11,1.2182387788490885
2026-02-12,1.2056557515363073
2026-02-13,1.2543817127922632
2026-02-14,1.271428434942344
2026-02-15,1.2503520156434709
2026-02-16,1.2529918805039757
2026-02-17,1.2303595955650781
2026-02-18,1.2114637146625802
2026-02-19,1.2218447878485281
2026-02-20,1.2419474106076231
2026-02-21,1.2427727388908916
2026-02-22,1.234286313377275
2026-02-23,1.1831842972470235
2026-02-24,1.1743319937937022
2026-02-25,1.2461229941727416
2026-02-26,1.2368113915864163
2026-02-27,1.2073254705520617
2026-02-28,1.2275612619982268
2026-03-01,1.205248174799525
2026-03-02,1.263760682233652
2026-03-03,1.2548907532524818
2026-03-04,1.3324599332646212
2026-03-05,1.3020998734899654
2026-03-06,1.2527874949037452
2026-03-07,1.236301300128931
2026-03-08,1.2160004257646573
2026-03-09,1.2588288726421142
2026-03-10,1.2838921987216934
2026-03-11,1.2926305604960422
2026-03-12,1.297352966463531
2026-03-13,1.30454126489792
2026-03-14,1.3085611269402389
2026-03-15,1.3372863065162932
2026-03-16,1.3736647820354706
2026-03-17,1.3620392217241302
2026-03-18,1.3108271207032423
2026-03-19,1.2873233530441246
2026-03-20,1.2979134579553593
2026-03-21,1.2832286394689276
2026-03-22,1.2516621596693462
2026-03-23,1.301409408329922
2026-03-24,1.3002777489726738
2026-03-25,1.3129187923123302
2026-03-26,1.2664072256679186
2026-03-27,1.221391534843414
2026-03-28,1.224282130242581
2026-03-29,1.2173465160210977
2026-03-30,1.2307677885365405
2026-03-31,1.259461592624952
2026-04-01,1.2578004357870882
2026-04-02,1.2361570581529684
2026-04-03,1.236095290145614
2026-04-04,1.2435879583030516
2026-04-05,1.2731860065048008
2026-04-06,1.2700938124247623
2026-04-07,1.3307033415283853
2026-04-08,1.3129220338742065
2026-04-09,1.3258289461254553
2026-04-10,1.3468426562660187
2026-04-11,1.3497406830177825
2026-04-12,1.3049673347970956
2026-04-13,1.3770482398402828
2026-04-14,1.3687529040183417
2026-04-15,1.3796263886883917
2026-04-16,1.3856258612153995
2026-04-17,1.4223235153878984
2026-04-18,1.3980047368399022
2026-04-19,1.3634656752952108
2026-04-20,1.3987305546501194
2026-04-21,1.4040391749892125
2026-04-22,1.4451816880881303
2026-04-23,1.443518010298725
2026-04-24,1.4313054086958685
2026-04-25,1.4345741475645932
2026-04-26,1.4512399107371687
2026-04-27,1.4274966444382788
2026-04-28,1.4098968122284414
2026-04-29,1.4012950588480768
2026-04-30,1.4109087161770764
2026-05-01,1.4441109410626063
2026-05-02,1.4546787719928143
2026-05-03,1.4532128991393036
2026-05-04,1.4734139625232838
2026-05-05,1.49326488273632
2026-05-06,1.5007289347155646
2026-05-07,1.4754077327071486
2026-05-08,1.4788069377076725
2026-05-09,1.4875564619691928
2026-05-10,1.5165762999799848
2026-05-11,1.5062797314103844
2026-05-12,1.4843434176790684
2026-05-13,1.4616979219598496
2026-05-14,1.496291810555883
2026-05-15,1.4576482075977497
2026-05-16,1.4411207320741926
2026-05-17,1.4288785719516937
2026-05-18,1.419569255459985
2026-05-19,1.4170368263075273
2026-05-20,1.4282474320399443
2026-05-21,1.4318398636638516
2026-05-22,1.3951977957217803
2026-05-23,1.4145646606056597
2026-05-24,1.4206921481906594
2026-05-25,1.425980680386381
2026-05-26,1.4000760710265765
2026-05-27,1.3720698989749527
2026-05-28,1.359302863594602
2026-05-29,1.3570300412340588
2026-05-30,1.3648020345772152
2026-05-31,1.3623994613070085
2026-06-01,1.321374781897173
2026-06-02,1.23601499491039
2026-06-03,1.1956320534404266
2026-06-04,1.1858932878748485
2026-06-05,1.1367970410942185
2026-06-06,1.134645827440571
2026-06-07,1.178976675309288
2026-06-08,1.1785132598364798
2026-06-09,1.1517566167396358
2026-06-10,1.148835844703938
2026-06-11,1.1875449707608752
2026-06-12,1.1877855212466688
2026-06-13,1.2054819110681059
2026-06-14,1.2276315476665298
2026-06-15,1.2393546167038156
2026-06-16,1.2287326760856152
2026-06-17,1.2059072762898517
2026-06-18,1.1772253837760067
2026-06-19,1.186374409712872
2026-06-20,1.2034610271445665
2026-06-21,1.186796520860484
2026-06-22,1.1974216055983207
2026-06-23,1.1731976651833003
2026-06-24,1.1423253250449799
2026-06-25,1.12407957629493
2026-06-26,1.1270469384410169
2026-06-27,1.127011418515148
2026-06-28,1.1189318202539258
2026-06-29,1.1322838457186375
2026-06-30,1.1027805682008867
2026-07-01,1.1321108720363224
2026-07-02,1.1581855624958048
2026-07-03,1.1792987088316838
2026-07-04,1.1891572189350943
2026-07-05,1.1990647636450062
2026-07-06,1.2073954618124445
2026-07-07,1.196288648174336
2026-07-08,1.1731707452338487
2026-07-09,1.1916595724436172
2026-07-10,1.2097400850398004
2026-07-11,1.2054984500945254
2026-07-12,1.202836434530211
2026-07-13,1.174318418220534
2026-07-14,1.2276267731645218
2026-07-15,1.2245682153726962
2026-07-16,1.2064208959075768
2026-07-17,1.2091270996686685
2026-07-18,1.2253971926665221
2026-07-19,1.2229930312358035
2026-07-20,1.2327473883123754
2026-07-21,1.2553791423473126
2026-07-22,1.2476042702123693
2026-07-23,1.2309583188260411
2026-07-24,1.2125716215451372
2026-07-25,1.2164163415587756
2026-07-26,1.2352156606776294
2026-07-27,1.2052013444237608
2026-07-28,1.2054901993356482
2026-07-29,1.2088544364298526
2026-07-30,1.2262799635545538
